{
  "embedding": {
    "mean_embedding_similarity": 0.2658371925354004,
    "avg_max_similarity": 0.2253488540649414
  },
  "vocabulary": {
    "synthetic_vocab_size": 254,
    "real_vocab_size": 40,
    "vocab_jaccard": 0.0425531914893617,
    "vocab_ratio": 6.35
  },
  "sentiment": {
    "synthetic_mean": 0.7304,
    "synthetic_std": 0.39301487503655635,
    "real_mean": 0.21075,
    "real_std": 0.21075,
    "mean_difference": 0.5196500000000001
  },
  "length": {
    "synthetic_mean": 96.0,
    "synthetic_std": 11.171392035015153,
    "real_mean": 24.5,
    "real_std": 2.5,
    "mean_difference": 71.5
  }
}